AQUA KART,ARK 1,9800.00
AQUA KART,ARK 1 BIPLAZA,10500.00
BELASSI,B3R CRUISE,8900.00
BELASSI,B3R  PURE,7500.00
BELASSI,B3R DYNAMIC,13000.00
BELASSI,B3R DYNAMIC TC,11600.00
BELASSI,B3R SPORT,15400.00
BELASSI,B3R SPORT  TC,13700.00
BELASSI,B3S DYNAMIC,8200.00
BELASSI,B3S EXTREME,9500.00
BELASSI,BURRASCA,31200.00
BENELLI,B3R DYNAMIC TC,11800.00
BENELLI,B3R PURE,7700.00
BENELLI,B3R SPORT TC,14100.00
BENELLI,B3S DYNAMIC,8400.00
BENELLI,B3S EXTREME,9700.00
BENELLI,BR 3 DYNAMIC 265,14800.00
BENELLI,BR 3 SPORT 315,14100.00
BENELLI,BR3 CRUISE,9100.00
BENELLI,BR3 CRUISE 180,6400.00
BENELLI,BR3 PURE 150,9600.00
BOMBARDIER,GTI W,8800.00
BOYBARDIER,GTX4 TEX WAKEBOARD,6800.00
BOMBARDIER,1,8800.00
BOMBARDIER,21CB/RXP XRS 1503HO,14900.00
BOMBARDIER,WAKE PRO 230,13200.00
HONDA,ARX 1200 T3,12200.00
KAWASAKI,JH 750 G-1 (XI) 98,5800.00
KAWASAKI,JH 1100 A-1 (ZX1) 96,8000.00
KAWASAKI,JH 1100 A-2 (ZX1) 97,8300.00
KAWASAKI,JH 1100 A-3 (ZX1) 98,8600.00
KAWASAKI,JH 1100 (ZXIRR) 98,9600.00
KAWASAKI,JS 750 G-1 (SXI) 98,6500.00
KAWASAKI,JT 900 A-2 (STX) 98,8000.00
KAWASAKI,JT 1100 B-1 (STX) 98,9300.00
KAWASAKI,JT 1500A JET SKI STX-15F,9500.00
KAWASAKI,STX 15-F,9600.00
KAWASAKI,STX 15-F RENTAL,7400.00
KAWASAKI,SXR,9600.00
KAWASAKI,SXR 800 2T,6400.00
KAWASAKI,ULTRA LX,10700.00
KAWASAKI,ULTRA 160 LX 4T,10000.00
KAWASAKI,ULTRA 260 LX4T,12100.00
KAWASAKI,ULTRA 260 X4T,10800.00
KAWASAKI,ULTRA 300 LX 4T,14500.00
KAWASAKI,ULTRA 300 X 4T,14100.00
KAWASAKI,ULTRA 310 LX,16700.00
KAWASAKI,ULTRA 310 LX 4T,16100.00
KAWASAKI,ULTRA 310 R,15400.00
KAWASAKI,ULTRA 310 R 4T,14800.00
KAWASAKI,ULTRA 310 X,15100.00
KAWASAKI,ULTRA 310 X 4T,14500.00
KAWASAKI,ULTRA LX 4T,10000.00
KAWASAKI,ULTRA LX RENTAL,8900.00
POLARIS,VIRAGE,5500.00
SEA DOO,GSX RFI,9800.00
SEA DOO,FISH PRO,15200.00
SEA DOO,GTI,9500.00
SEA DOO,GTI SE,8000.00
SEA DOO,GTI 90,9400.00
SEA DOO,GTI 130,10700.00
SEA DOO,GTI 130 SE4T,8700.00
SEA DOO,GTI 155 SE4T,9400.00
SEA DOO,GTI 215,10000.00
SEA DOO,GTI 4T,8200.00
SEA DOO,GTI LTD 155,9400.00
SEA DOO,GTI PRO 4T,7200.00
SEA DOO,GTS,8800.00
SEA DOO,GTI SE 130,11200.00
SEA DOO,GTI SE 155,12300.00
SEA DOO,GTI SE 4-TEC 400,16500.00
SEA DOO,GTI W,8800.00
SEA DOO,GTR 215 4T,9800.00
SEA DOO,GTR 230,14000.00
SEA DOO,GTR X 230,11500.00
SEA DOO,GTS 130,7000.00
SEA DOO,GTX 155,13400.00
SEA DOO,GTX 155 4T,14500.00
SEA DOO,GTX 215 IS4T,11900.00
SEA DOO,GTX 260 LTD IS,15300.00
SEA DOO,GTX LIMITED 215,12200.00
SEA DOO,GTX LTD 215 4T,12200.00
SEA DOO,GTX 230,12300.00
SEA DOO,GTX LIMITED 230,13000.00
SEA DOO,GTX LIMITED 300,19300.00
SEA DOO,GTX S 155,10800.00
SEA DOO,RXP X RS 255,11600.00
SEA DOO,RXP X RS 260,12900.00
SEA DOO,RXP X RS 2012,14900.00
SEA DOO,RXP X 300,17200.00
SEA DOO,RXT 215,11800.00
SEA DOO,RXT 230,15200.00
SEA DOO,RXT 260,12100.00
SEA DOO,RXT IS 260,13500.00
SEA DOO,RXT X RS 260 ( 3 pl),13700.00
SEA DOO,RXT X RS 260 (2 pl),12900.00
SEA DOO,RXT X RS 260 AS,13700.00
SEA DOO,RXT X 300,17900.00
SEA DOO,SPARK 900 4T,4400.00
SEA DOO,SPARK 900 ACE 2-UP,6100.00
SEA DOO,SPARK 900 HO 4T (2 pl),5000.00
SEA DOO,SPARK 900 HO ACE 2-UP,7800.00
SEA DOO,SPARK 900 HO iBR 4T,5600.00
SEA DOO,SPARK 900 HO4T (3 pl),6100.00
SEA DOO,SPARK 2 UP 900,4600.00
SEA DOO,SPARK 2 UP 900  HO IBR,6000.00
SEA DOO,SPARK 3 UP 900  HO IBR,6500.00
SEA DOO,SPARK TRIXX 2 UP (iBR),7500.00
SEA DOO,SPARK TRIXX 900 HO ACE 2-UP,8400.00
SEA DOO,SPARK TRIXX 3 UP (iBR),7000.00
SEA DOO,SPARK TRIXX 900 HO ACE 3-UP,9100.00
SEA DOO,WAKE 155,10000.00
SEA DOO,WAKE PRO 230,15400.00
SEA DOO,WAKE 215 PRO4T,10900.00
SEA DOO,XP LIMITED,10500.00
SURFPOWER1,XR1,6500.00
VALIANT,DYNAMIC 300,2500.00
VALIANT,DYNAMIC 340,2500.00
VALIANT,D 340 OPEN LIGHT GREY,4200.00
VALIANT,570-DR,28700.00
YAMAHA,650,5300.00
YAMAHA,WAVE BLASTER I 700 (WB700A),5400.00
YAMAHA,WAVE RAIDER 2 Pl. (RA700),5300.00
YAMAHA,WAVE RAIDER 1100,14700.00
YAMAHA,WAVE RUNNER 760 2 Pl. (GP760),6800.00
YAMAHA,WAVE RUNNER 800 GP 2 Pl. (GP800),7500.00
YAMAHA,WAVE RUNNER FX 140,13700.00
YAMAHA,WAVE RUNNER FX HIGHT OUTPUT,11900.00
YAMAHA,WAVE RUNNER FX CRUISER OUTPUT,9400.00
YAMAHA,WAVE RUNNER FX 1000 AD,10900.00
YAMAHA,WAVE RUNNER 1200 2 Pl. (GP1200),7900.00
YAMAHA,WAVE RUNNER XL 1200,8000.00
YAMAHA,WAVE VENTURE XL760 3 Pl. (XL760),7400.00
YAMAHA,WAVE VENTURE XL1200 3 Pl. (XL1200),8000.00
YAMAHA,BLASTER II,12200.00
YAMAHA,EX,6400.00
YAMAHA,EX DELUXE,7400.00
YAMAHA,EX R,8100.00
YAMAHA,EX1050A-T / EX DELUXE (DLX),14000.00
YAMAHA,FX 140,13600.00
YAMAHA,FX 140 CRUISER,14000.00
YAMAHA,FX 160,14600.00
YAMAHA,FX 160 CRUISER,14900.00
YAMAHA,FX 250 BETX - 3.352cc - 6c,17200.00
YAMAHA,FX 1800 AG,15100.00
YAMAHA,FX HO CRUISER,14200.00
YAMAHA,FX CRUISER H.O. 4T,13900.00
YAMAHA,FX CRUISER S.H.O.,13100.00
YAMAHA,FX CRUISER SVHO,16000.00
YAMAHA,FX CRUISER SVHO / FC 1800 A-R,24800.00
YAMAHA,FX H.O.,10300.00
YAMAHA,FX S.H.O.,12500.00
YAMAHA,FX SVHO,15300.00
YAMAHA,FX 180AG,14100.00
YAMAHA,FZR,12000.00
YAMAHA,FZR SVHO 4T,13700.00
YAMAHA,FZS,12600.00
YAMAHA,FZS SVHO 4T,13900.00
YAMAHA,GP 800,10300.00
YAMAHA,GP 800 R,10300.00
YAMAHA,GP 1300 R,12200.00
YAMAHA,GP 1800,14800.00
YAMAHA,SJ 700,6100.00
YAMAHA,SUPER JET,6500.00
YAMAHA,SUPER JET 2T,5300.00
YAMAHA,SUV 1200,13400.00
YAMAHA,VX,8100.00
YAMAHA,VX-C,7500.00
YAMAHA,VX CRUISER,10500.00
YAMAHA,VX CRUISER HO,10500.00
YAMAHA,VX DELUXE,8700.00
YAMAHA,VX LUXE,7800.00
YAMAHA,VX SPORT,6100.00
YAMAHA,VXR,11300.00
YAMAHA,VXS,9200.00
YAMAHA,XL 700,8200.00
YAMAHA,XLT 800,10300.00
YAMAHA,XLT 1200,11600.00
ZAPATA RACING,FZ 950,8700.00
ZAPATA RACING,MZR 2.6,33500.00
ZAPATA RACING,MZR 2.6 V8 330,20300.00
